pdb_id,length,frac_hydrophobic,frac_polar,frac_pos,frac_neg,frac_aromatic,gravy,pI,net_charge_pH7,aromaticity,instability_index,aa_A,aa_C,aa_D,aa_E,aa_F,aa_G,aa_H,aa_I,aa_K,aa_L,aa_M,aa_N,aa_P,aa_Q,aa_R,aa_S,aa_T,aa_V,aa_W,aa_Y,sequence
9KAL,140,0.38571428571428573,0.32857142857142857,0.11428571428571428,0.17142857142857143,0.04285714285714286,-0.405,4.6505323410034185,-9.375828963061602,0.04285714285714286,25.597142857142853,13.571428571428571,0.0,5.0,12.142857142857142,1.4285714285714286,12.142857142857142,0.7142857142857143,1.4285714285714286,10.714285714285714,2.857142857142857,2.857142857142857,2.142857142857143,3.5714285714285716,4.285714285714286,0.0,2.857142857142857,7.857142857142857,13.571428571428571,0.0,2.857142857142857,MDVFMKGLSKAKEGVVAAAEKTKQGVAEAAGKTKEGVLYVGSKTKEGVVHDVTTVAAKTKEQVTNVGGAVVTGVTAVAQKTVEGAGSIAAATGFVKKDQLGKNEEGAPQEGILEDMPVDPDNEAYEMPSEEGYQDYEPEA
6XYO,140,0.38571428571428573,0.32857142857142857,0.11428571428571428,0.17142857142857143,0.04285714285714286,-0.40285714285714286,4.665708351135254,-9.374139262028235,0.04285714285714286,25.46285714285714,13.571428571428571,0.0,4.285714285714286,12.857142857142858,1.4285714285714286,12.857142857142858,0.7142857142857143,1.4285714285714286,10.714285714285714,2.857142857142857,2.857142857142857,2.142857142857143,3.5714285714285716,4.285714285714286,0.0,2.857142857142857,7.142857142857143,13.571428571428571,0.0,2.857142857142857,MDVFMKGLSKAKEGVVAAAEKTKQGVAEAAGKTKEGVLYVGSKTKEGVVHGVATVAEKTKEQVTNVGGAVVTGVTAVAQKTVEGAGSIAAATGFVKKDQLGKNEEGAPQEGILEDMPVDPDNEAYEMPSEEGYQDYEPEA
7P6A,441,0.25170068027210885,0.46258503401360546,0.15873015873015872,0.12698412698412698,0.018140589569160998,-0.8678004535147376,8.236625862121585,2.5859364593794893,0.018140589569160998,47.58888888888889,7.709750566893424,0.45351473922902497,6.575963718820861,6.122448979591836,0.6802721088435374,11.11111111111111,2.7210884353741496,3.401360544217687,9.977324263038549,4.761904761904762,1.3605442176870748,2.494331065759637,9.750566893424036,4.308390022675737,3.1746031746031744,10.204081632653061,7.936507936507937,6.122448979591836,0.0,1.1337868480725624,MAEPRQEFEVMEDHAGTYGLGDRKDQGGYTMHQDQEGDTDAGLKESPLQTPTEDGSEEPGSETSDAKSTPTAEDVTAPLVDEGAPGKQAAAQPHTEIPEGTTAEEAGIGDTPSLEDEAAGHVTQARMVSKSKDGTGSDDKKAKGADGKTKIATPRGAAPPGQKGQANATRIPAKTPPAPKTPPSSGEPPKSGDRSGYSSPGSPGTPGSRSRTPSLPTPPTREPKKVAVVRTPPKSPSSAKSRLQTAPVPMPDLKNVKSKIGSTENLKHQPGGGKVQIINKKLDLSNVQSKCGSKDNIKHVPGGGSVQIVYKPVDLSKVTSKCGSLGNIHHKPGGGQVEVKSEKLDFKDRVQSKIGSLDNITHVPGGGNKKIETHKLTFRENAKAKTDHGAEIVYKSPVVSGDTSPRHLSNVSSTGSIDMVDSPQLATLADEVSASLAKQGL
5O3L,73,0.2876712328767123,0.3972602739726027,0.2191780821917808,0.0958904109589041,0.0410958904109589,-0.5452054794520549,9.564223289489746,5.073700570665489,0.0410958904109589,40.552054794520544,0.0,1.36986301369863,5.47945205479452,4.109589041095891,2.73972602739726,12.32876712328767,5.47945205479452,6.8493150684931505,15.068493150684931,6.8493150684931505,0.0,4.109589041095891,4.109589041095891,4.109589041095891,1.36986301369863,8.219178082191782,5.47945205479452,10.95890410958904,0.0,1.36986301369863,VQIVYKPVDLSKVTSKCGSLGNIHHKPGGGQVEVKSEKLDFKDRVQSKIGSLDNITHVPGGGNKKIETHKLTF
9IAH,34,0.5588235294117647,0.29411764705882354,0.058823529411764705,0.08823529411764706,0.058823529411764705,0.6147058823529412,4.428973960876465,-1.2395331059881665,0.05882352941176471,-5.788235294117648,14.705882352941176,0.0,8.823529411764707,0.0,0.0,5.882352941176471,0.0,8.823529411764707,5.882352941176471,14.705882352941176,5.882352941176471,0.0,0.0,5.882352941176471,0.0,8.823529411764707,8.823529411764707,5.882352941176471,2.9411764705882355,2.9411764705882355,LIVTQTMKGLDIQKVAGTWYSLAMAASDISLLDA
9JHG,32,0.5625,0.3125,0.0625,0.0625,0.0625,0.70625,5.959022712707521,-0.24065386692801116,0.0625,-6.775000000000001,12.5,0.0,6.25,0.0,0.0,6.25,0.0,9.375,6.25,15.625,6.25,0.0,0.0,6.25,0.0,9.375,9.375,6.25,3.125,3.125,LIVTQTMKGLDIQKVAGTWYSLAMAASDISLL
9GKF,320,0.265625,0.46875,0.15625,0.109375,0.109375,-0.8787500000000013,9.265605735778806,7.217377437305117,0.109375,43.86406249999996,3.4375,0.625,5.3125,5.625,6.875,20.3125,2.5,2.5,5.625,2.5,1.875,5.625,2.8125,3.125,7.5,10.625,3.75,5.3125,0.3125,3.75,MSKSESPKEPEQLRKLFIGGLSFETTDESLRSHFEQWGTLTDCVVMRDPNTKRSRGFGFVTYATVEEVDAAMNARPHKVDGRVVEPKRAVSREDSQRPGAHLTVKKIFVGGIKEDTEEHHLRDYFEQYGKIEVIEIMTDRGSGKKRGFAFVTFDDHDSVDKIVIQKYHTVNGHNCEVRKALSKQEMASASSSQRGRSGSGNFGGGRGGGFGGNDNFGRGGNFSGRGGFGGSRGGGGYGGSGDGYNGFGNDGSNFGGGGSYNDFGNYNNQSSNFGPMKGGNFGGRSSGPYGGGGQYFAKPRNQGGYGGSSSSSSYGSGRRF
7ZJ2,320,0.265625,0.46875,0.15625,0.109375,0.109375,-0.8787500000000013,9.265605735778806,7.217377437305117,0.109375,43.86406249999996,3.4375,0.625,5.3125,5.625,6.875,20.3125,2.5,2.5,5.625,2.5,1.875,5.625,2.8125,3.125,7.5,10.625,3.75,5.3125,0.3125,3.75,MSKSESPKEPEQLRKLFIGGLSFETTDESLRSHFEQWGTLTDCVVMRDPNTKRSRGFGFVTYATVEEVDAAMNARPHKVDGRVVEPKRAVSREDSQRPGAHLTVKKIFVGGIKEDTEEHHLRDYFEQYGKIEVIEIMTDRGSGKKRGFAFVTFDDHDSVDKIVIQKYHTVNGHNCEVRKALSKQEMASASSSQRGRSGSGNFGGGRGGGFGGNDNFGRGGNFSGRGGFGGSRGGGGYGGSGDGYNGFGNDGSNFGGGGSYNDFGNYNNQSSNFGPMKGGNFGGRSSGPYGGGGQYFAKPRNQGGYGGSSSSSSYGSGRRF
7LNA,142,0.33098591549295775,0.4295774647887324,0.14788732394366197,0.09154929577464789,0.1056338028169014,-0.9978873239436623,8.856618309020995,3.1845063575337313,0.1056338028169014,38.43943661971827,5.633802816901408,1.408450704225352,4.225352112676056,4.929577464788732,2.112676056338028,9.859154929577464,3.5211267605633805,2.816901408450704,5.633802816901408,1.408450704225352,6.338028169014085,9.154929577464788,3.5211267605633805,7.042253521126761,5.633802816901408,3.5211267605633805,8.450704225352112,6.338028169014085,1.408450704225352,7.042253521126761,GQGGGTHNQWNKPSKPKTNMKHMAGAAAAGAVVGGLGGYMLGSAMSRPMMHFGNDWEDRYYRENMNRYPNQVYYRPVDQYNNQNNFVHDCVNITIKQHTVTTTTKGENFTETDIKIMERVVEQMCTTQYQKESQAYYDGRRS
7YAT,25,0.48,0.44,0.08,0.0,0.08,0.4599999999999998,8.75482273101807,0.8462668015448875,0.08,71.04400000000001,8.0,0.0,0.0,0.0,4.0,28.0,4.0,0.0,0.0,8.0,16.0,4.0,4.0,0.0,4.0,8.0,0.0,8.0,0.0,4.0,GAVVGGLGGYMLGSAMSRPMMHFGN
